[
  {
    "id": "6f2e8264-9542-4a1b-8e72-16ba71d98d4e",
    "data": [
      {
        "text": "Can I make an order of sinigang?",
        "userDefined": false
      }
    ],
    "isTemplate": false,
    "count": 0,
    "lang": "en",
    "updated": 0
  },
  {
    "id": "29edb56c-1917-4feb-be79-8f1b902733ed",
    "data": [
      {
        "text": "how do I order",
        "userDefined": false
      }
    ],
    "isTemplate": false,
    "count": 0,
    "lang": "en",
    "updated": 0
  },
  {
    "id": "3e6d3623-6dae-47b4-98ec-167aceba7df4",
    "data": [
      {
        "text": "I want to order",
        "userDefined": false
      }
    ],
    "isTemplate": false,
    "count": 0,
    "lang": "en",
    "updated": 0
  },
  {
    "id": "0527db1f-fdf4-4841-b8da-262c61a75525",
    "data": [
      {
        "text": "how to contact",
        "userDefined": false
      }
    ],
    "isTemplate": false,
    "count": 0,
    "lang": "en",
    "updated": 0
  },
  {
    "id": "4c88a6e8-cb55-46d5-9034-6585a46f2258",
    "data": [
      {
        "text": "how do I contact?",
        "userDefined": false
      }
    ],
    "isTemplate": false,
    "count": 0,
    "lang": "en",
    "updated": 0
  }
]