[
  {
    "id": "4b540b60-9513-44c1-8ade-0b6b3b17cac0",
    "data": [
      {
        "text": "how much is this?",
        "userDefined": false
      }
    ],
    "isTemplate": false,
    "count": 0,
    "lang": "en",
    "updated": 0
  },
  {
    "id": "b42149de-8245-4165-b734-a15ef0733f5d",
    "data": [
      {
        "text": "how much",
        "userDefined": false
      }
    ],
    "isTemplate": false,
    "count": 0,
    "lang": "en",
    "updated": 0
  },
  {
    "id": "ebbf51bc-7838-4445-8282-41687a3c04b6",
    "data": [
      {
        "text": "prices",
        "userDefined": false
      }
    ],
    "isTemplate": false,
    "count": 0,
    "lang": "en",
    "updated": 0
  },
  {
    "id": "7740fa31-4e5f-4c93-9d96-22e9287d0c2a",
    "data": [
      {
        "text": "what are the prices",
        "userDefined": false
      }
    ],
    "isTemplate": false,
    "count": 0,
    "lang": "en",
    "updated": 0
  }
]